policyholder_id,full_name,gender,date_of_birth,address,phone_number,email
1,Steve Williams,Female,2007-02-05,"Unit 7647 Box 5938, DPO AE 37442",(194)892-4115,gomezleslie@hotmail.com
2,Karen Grimes,Female,1963-07-20,"60975 Jessica Squares, East Sallybury, FL 71671",115.871.4841x858,sean96@johnston-roberts.com
3,Lonnie Douglas,Male,2005-07-14,"220 Rachael Village, Masseyhaven, NC 31368",969.477.5159,vmatthews@sanchez.com
4,Jacqueline Jackson,Female,1957-08-09,"23098 Anthony Roads, New Maria, MO 12498",(109)032-1730x086,chad14@graham-brown.info
5,Melissa Myers,Female,1952-04-24,"230 Megan Junctions Suite 197, North Thomas, OK 67164",564-280-7150x8423,chelsea59@hotmail.com
6,Eric Goodman,Female,1991-11-24,"93523 Dana Lane, Johnsonshire, WI 87296",001-027-142-7878x900,larry70@yahoo.com
7,Tonya Irwin,Female,1962-06-05,"66503 Jennifer Alley, East Davidborough, ME 37198",001-217-610-4714x285,joshuasmith@harris.net
8,Teresa Browning,Female,1971-01-19,"765 Jared Radial Suite 022, Mathewstad, CO 44836",001-900-422-9456x82417,parkermelody@jones.biz
9,Terry Wells,Female,1957-01-10,"71760 Rogers Spur Apt. 296, North Lindseyborough, IN 08516",(016)884-7793x6153,ryanhoward@gmail.com
10,Michaela Leach,Male,2005-07-27,"76430 Cindy Cove, South Nicholas, FL 14230",+1-729-668-7577x389,petersonsydney@meyers-johnson.com
11,Brittney Gray,Male,1967-02-11,"18013 Billy Bridge Suite 522, Schmitthaven, NC 66355",9189163489,ybruce@hotmail.com
12,Sean Smith,Female,1989-07-15,"8945 Trevor Greens, Kendrafurt, MS 08661",(234)500-7627,lisagomez@carr.info
13,Richard Smith,Male,1952-11-01,"518 Lee Tunnel, Rodriguezton, UT 61736",+1-519-426-4183x067,stanleyclarke@gmail.com
14,Amanda Scott,Male,1952-09-02,"18868 Dougherty Drive, Snowchester, CT 54979",162-076-6075,gomezdavid@hotmail.com
15,Christopher Greer,Female,1951-08-20,"92303 Julie Hill Suite 093, East Shawn, MI 93231",203-557-4485x291,eric22@stewart.com
16,Jaime Alvarado,Male,2001-01-01,"1126 Pierce Streets, New Robert, MI 11583",758.066.0657,kelly71@hogan.com
17,Brittany Park,Female,1987-08-14,"PSC 2662, Box 3758, APO AE 47079",173.407.9703x414,emccarthy@gregory.net
18,Mark Smith,Male,2001-06-27,"46896 Garcia Glen, Justinborough, CO 05147",448-518-3216,april98@hotmail.com
19,Jennifer Walters,Male,1963-12-11,"7592 David Crest Suite 697, New Elizabeth, SC 62454",001-637-785-7074x2709,kellypeter@mathis.com
20,Tammy Foster,Female,1996-05-02,"044 Donald Ports, Jameschester, VT 43780",(256)627-2852x3275,yroman@hotmail.com
21,Jessica Harris,Female,1964-08-13,"31250 Jesse Hills Apt. 845, Ellishaven, SD 72221",001-697-747-3540x0025,diamond21@becker-arellano.biz
22,Jody Morgan,Male,1987-08-04,"5875 Johnson Cape, West Christopher, NC 45818",344.486.4753,sarah10@simpson-kim.biz
23,Bruce Miller,Female,1983-03-23,"3791 Hansen Village, Williamsburgh, NM 29343",(455)618-4983,dpalmer@hotmail.com
24,David Wilson,Female,1992-10-20,"63340 Trevino Crossing, Brewerville, OK 47543",843.318.4535,brandi20@hotmail.com
25,Kevin Johnson,Female,1983-12-28,"28123 Hudson Square Apt. 323, Gomezshire, SC 65835",908-957-7403,vlamb@payne-padilla.com
26,James Lee,Male,1967-04-09,"0305 Matthew Mill Apt. 452, Andreshire, AR 96486",+1-250-700-3003x5105,patriciarobinson@yahoo.com
27,Christopher Murphy,Female,1959-04-20,"Unit 6606 Box 4887, DPO AE 74521",662-082-9821,maryhoover@gmail.com
28,Stephanie Newton,Female,1951-02-17,"169 Christine Mount, New Carolyn, MA 97234",001-600-715-4273x8526,linda60@yahoo.com
29,Krista Madden,Female,1985-09-21,"076 Richard Park Apt. 040, Erinshire, WI 38482",+1-388-564-3195x39852,meghan09@cunningham.com
30,Erica Patton,Male,1969-06-13,"29072 Noble Stravenue, Browningview, RI 25097",864-282-1291,sbaker@gmail.com
31,Sally Ramirez,Male,1978-10-22,"3620 Kristen Squares Suite 570, Fieldsbury, AK 47978",235.703.9342x61973,rubiofrank@gmail.com
32,Teresa King,Male,1978-09-03,"514 Travis Track Suite 366, Rowefurt, AZ 76875",592.945.0678x201,adam31@hotmail.com
33,Ernest Skinner,Female,1986-06-04,"USS Edwards, FPO AE 83806",629-264-8022x270,wherring@hess.com
34,Erin Erickson,Male,1963-05-09,"78209 Darlene Bypass Suite 137, Port Stephen, VT 44235",+1-278-081-8501x1695,martha85@hotmail.com
35,Timothy White,Female,1957-09-20,"306 Holly Underpass Suite 092, Samanthaland, AR 58265",(994)497-6207x436,cole05@thompson.com
36,Julian Savage,Female,1971-08-08,"86408 Mary Common, Michaelville, AZ 20721",400.652.8222x23950,pwilliams@hotmail.com
37,Vincent Bell,Male,1968-10-17,"5926 Fernando Prairie Apt. 622, North Madisonhaven, AZ 06688",001-199-226-0669x53258,ajones@hopkins.biz
38,Danny Foster,Female,1966-05-08,"144 Daniels Rapids Suite 340, Michellefurt, CT 70555",2606661797,matthewjenkins@sellers.com
39,Mark Miranda,Male,1974-09-11,"42954 Walters Highway, Johnsonchester, MS 95905",522.195.2069,tjones@hotmail.com
40,Jeffery Barber,Male,1995-12-18,"23082 Kelly Road, Jennifermouth, DE 54092",001-425-858-2684x36567,gforbes@hotmail.com
41,Kevin Walters,Male,1960-02-12,"Unit 8139 Box 9814, DPO AP 96435",+1-261-001-5751x759,oburnett@gmail.com
42,Stephanie Deleon,Male,1987-11-08,"28693 Erickson Lodge, Andrewberg, MS 22958",906.196.5387x079,marissa78@long.com
43,Lee Rangel,Male,1960-06-28,"6968 Joseph Forks, West Donaldville, TN 07933",+1-298-300-6897x17855,allentyler@hill-smith.com
44,Anna Torres,Female,1984-04-08,"2343 Keller Tunnel Suite 469, Port Kimberly, MI 66070",355.645.6417x4172,juliaspears@yahoo.com
45,Michael Hester,Male,1983-08-12,"936 Tucker Island Apt. 175, Macdonaldbury, NE 06874",001-061-435-2125,stephaniesmith@smith.com
46,Christina Smith,Male,1955-03-09,"PSC 6182, Box 3366, APO AA 00549",(360)940-9555x72981,espinozajoshua@hotmail.com
47,Mary Gray,Female,1959-04-16,"68818 Heather Mountains Apt. 877, South Amy, MT 33850",(198)537-3576x0708,pwalker@yahoo.com
48,Darren Campbell,Female,1982-02-09,"134 Sophia Drives, Benjaminburgh, NH 51658",+1-367-326-0583x52889,cynthiawilliamson@hotmail.com
49,Linda Johnson,Male,1988-06-21,"300 Dennis Mills Apt. 186, Nicolemouth, TX 25685",(585)767-5712,waltonstephanie@sampson-zimmerman.com
50,Alison Clark,Female,1974-09-01,"302 Parker Plains Apt. 197, East Robertstad, CO 98152",3909852741,natalie36@yahoo.com
51,Gina Holloway,Female,2000-05-25,"25997 Stephanie Pine, Grahamfurt, AK 15783",(922)016-3044x61545,morganandrea@odonnell.com
52,Zachary Garcia,Male,1972-03-13,"9181 Todd Pike, West Colin, VT 28939",(363)975-2458,stevenedwards@hill.com
53,Erin Brennan,Female,1955-04-20,"19041 Jennifer Flats Suite 716, Martinezshire, MD 23325",364-000-4155x8403,carla66@aguilar-king.com
54,Stacy Erickson,Male,2004-08-28,"037 Johnson Common, Coreyburgh, DC 57867",5861837446,dterry@gmail.com
55,Kelly Harris,Female,1997-11-22,"28480 Jesse View Suite 238, Port Bonnie, WA 33000",407.306.2686x36887,melissapatel@smith.com
56,Michael Rollins,Female,2000-05-18,"Unit 6412 Box 9330, DPO AE 67514",737-298-4092,michael48@hotmail.com
57,Alexander Roman,Male,1996-06-21,"USNS Franklin, FPO AA 62567",727-455-9669x6849,ryanbaker@hicks.net
58,Paula Hunter,Female,2001-02-13,"4647 Kristine Fields Suite 710, New Dakota, WY 00638",292.594.0009,suzanne36@rodgers-garrison.com
59,Brian Johnson,Female,1989-03-30,"3635 Laura Parks Apt. 998, Willisbury, AL 07599",(902)816-4593x05254,vlynch@yahoo.com
60,Robert Moore,Male,1993-08-04,"697 Lambert Rest Suite 219, Port Jacobfort, TX 96048",644-158-8100,pamelarussell@blackwell-edwards.com
61,Maria Brady,Female,1955-06-04,"0096 Ann Squares, Richardside, WA 58918",+1-282-392-1974,jason00@hotmail.com
62,Sherri Fowler,Male,2002-04-18,"215 Joy Islands, West Beth, CO 49393",475.778.8115,ifrank@yahoo.com
63,Benjamin Robinson,Male,1987-02-24,"12206 Elizabeth Pine Suite 945, Moralesmouth, TN 82072",853.806.5580x391,richardsonkatie@gmail.com
64,Jordan Villegas,Male,1986-10-09,"2547 Avila Manor, Port Deborahbury, SD 63076",001-520-782-6497x3079,ustewart@bradley-grimes.com
65,David James,Male,1984-07-02,"89573 Hanson Drive Suite 324, New Janet, DE 59076",329.593.1873x4648,megan50@lee.org
66,Justin Miller,Female,2006-03-15,"5601 Matthew Estate Suite 987, Amychester, NJ 49649",111.809.8591,williamscody@collins.com
67,Terri Nielsen,Female,2002-03-07,"4229 Derrick Wells, West Tyler, FL 96763",+1-431-262-3905x872,roachholly@hotmail.com
68,Nancy Smith,Male,1968-08-21,"906 Dustin Plain, New Lucasbury, HI 60351",734-315-7458x94348,thompsondaniel@hotmail.com
69,Samuel Baldwin,Male,1993-12-25,"PSC 7264, Box 8321, APO AA 58237",680-566-8289x20497,taylormyers@gmail.com
70,Barbara Nunez,Male,1956-04-10,"33319 Russell Village, New James, CO 25596",829-389-8969,emily79@gmail.com
71,Randy Harris,Male,1973-07-03,"3830 Joel Mountains, New Joshuaport, MA 97233",001-419-175-9913x2630,douglas52@gmail.com
72,Michael Jones,Male,1984-03-12,"PSC 3348, Box 6660, APO AE 58287",428-397-5292,joyce12@gmail.com
73,Kimberly Giles,Male,1979-09-04,"9151 Troy Pike Apt. 091, Underwoodshire, UT 74227",(231)982-7303x2922,garciacody@mcdonald.com
74,Ronald Hayes,Female,1997-10-30,"660 Delgado Forest Apt. 923, South Luis, AL 33332",(988)259-8634x17434,richardsonshannon@yahoo.com
75,Mark Wise,Female,1993-05-30,"9983 Mary Grove Apt. 643, Beardview, MO 17895",+1-742-035-4106x459,robert21@howard.info
76,Ryan Patterson,Male,1979-09-03,"118 Anderson Bridge Suite 736, South Brianport, GA 40002",818-502-0155x733,kgreen@yahoo.com
77,Aaron Rivera,Male,1976-11-16,"411 Yang Gardens, Lake Franklinburgh, NH 34295",001-279-086-0114x163,pperez@hotmail.com
78,Isabel Coleman,Female,1983-12-23,"345 Kennedy Walk Suite 454, East Natasha, NH 42911",+1-057-943-0178x2369,antoniogutierrez@yahoo.com
79,Jessica Smith,Female,2003-07-14,"2188 Austin Fords, South Andrewfort, WA 45423",001-039-467-8410x1566,justinbonilla@hotmail.com
80,Madison Nunez,Female,1949-09-05,"9947 Torres Viaduct Apt. 506, Benjaminport, TX 30222",360-952-2711x29032,lleonard@sanders-collins.net
81,Christopher Kemp,Female,1952-03-18,"444 Johnson Viaduct Suite 571, Port Debraport, NH 83547",836-160-0150x4400,moorebrittney@harrison.org
82,Patrick Taylor,Female,1959-02-10,"131 Reynolds Crescent, Robbinsmouth, VA 22528",+1-125-682-1808,danielvirginia@rice-nguyen.org
83,Eric Knight,Male,1986-10-31,"4585 Alan Divide Suite 322, Port Tracyfort, DC 36613",202-553-1872x453,michaelross@bernard.net
84,Gary Long,Female,1973-12-03,"Unit 6842 Box 4041, DPO AA 85508",(043)245-8127x39991,lisa04@gmail.com
85,Caitlin Jackson,Male,1951-09-05,"83787 Stuart Key, Davetown, MN 24886",369.039.7662x2667,bryan29@turner.com
86,Danielle Sanders DDS,Female,1956-05-09,"677 John Island Suite 446, South Sharonhaven, ID 55797",600-681-4007x685,upeters@hotmail.com
87,Renee Fischer,Female,1981-12-13,"6131 Kristina Motorway, South Leslie, UT 20755",475.830.5846x8914,dustinpeck@williams.info
88,Amber Fuller,Male,1954-12-10,"45275 Mark Courts Apt. 449, Henrytown, WV 62767",(631)647-6762x6363,pachecosteven@yahoo.com
89,Joanna Sanchez,Male,1969-06-18,"537 Collin Radial, Danielburgh, TN 41934",(451)165-5450,danielle28@alvarez.com
90,Debbie Thornton,Male,1998-02-25,"7722 Sandra Drive, Port Richardville, CO 76091",001-134-628-7452,patricia22@hotmail.com
91,Joseph Valenzuela,Female,1955-06-19,"158 Robles Hollow Suite 025, South Jeremy, CA 16970",001-761-531-5233x98575,kim09@hotmail.com
92,Denise Mason,Male,1991-12-11,"7210 Moreno Pines, Bergmouth, WY 44788",572.807.2018,kathyrodriguez@solomon-contreras.com
93,David Thompson,Male,1995-08-01,"895 Clark Stravenue Apt. 939, South Joannchester, WI 26868",925-447-5867,zachary47@hotmail.com
94,George Powell,Female,1972-03-25,"PSC 4037, Box 4662, APO AE 63064",293.148.8292,olsonjohn@gmail.com
95,Amy Johnson,Male,1957-07-17,"192 Anna Rue, Michaelville, NM 16965",983-939-9794x12613,sandybaker@nguyen.net
96,Jennifer Brown,Female,1956-06-10,"6915 Timothy Park, Johnton, MA 22654",847-092-2895,moodylori@yahoo.com
97,Jared Johnson,Female,1981-06-30,"PSC 1245, Box 4927, APO AA 01407",+1-526-042-9216x878,vunderwood@holt.com
98,Bradley Allen,Male,1989-11-04,"65459 Ramos Path, West Morganchester, IN 99716",001-708-965-3954x2243,jill24@page-dean.com
99,Tristan Colon,Male,1977-03-30,"1193 Jason Summit Suite 891, Port Paula, PA 77615",+1-074-380-7100x932,abigailandrews@hotmail.com
100,Ryan Aguirre,Male,1955-08-07,"483 Smith Loop Suite 154, Loriport, FL 46652",0960636974,hannahgibson@wong.com
101,James Harper,Male,2003-11-29,"06642 Johnson Island, Stonehaven, MI 78600",067.803.5729,austinwilson@rivera-torres.com
102,Jennifer Brown,Male,1961-12-01,"726 Robert Loaf, New Crystal, RI 90775",(098)338-6739x181,kevinflores@harvey.net
103,Kimberly Scott,Male,1991-10-06,"08379 Chan Wall Apt. 394, West Elizabeth, KY 64998",(404)154-3533x336,elizabeth56@wiley.com
104,Brian Ballard,Male,1986-01-06,"118 Craig Knoll Apt. 214, Gordonport, ND 76557",001-317-356-4512x758,pecksteven@flores-lynch.info
105,Jason Marsh,Male,1959-03-24,"16341 Mcmahon Prairie, Tinatown, AR 53489",001-685-332-1189x2457,mwaters@beard.com
106,Jose Obrien,Male,1972-05-31,"789 Mitchell Ridges, East Blakefurt, NY 93647",395-417-2017x45470,danielle55@yahoo.com
107,Alan Hanna,Male,1998-07-02,"9081 Johnson Divide Apt. 208, Tamarastad, OK 11361",001-365-401-7463x27020,daviskatrina@walker.org
108,Matthew Edwards,Female,2003-06-13,"803 Joyce Fort Apt. 210, New Marychester, SD 59471",(098)583-2948x4698,pduncan@baker-bates.com
109,Michael Scott,Male,2005-07-07,"7194 Watts Stravenue Suite 501, Marissaville, ID 75326",+1-000-471-8073x48443,tvelez@yahoo.com
110,Laura Munoz,Female,1950-08-25,"51267 Cervantes Harbors Apt. 287, Greenville, TX 23107",+1-045-550-6524,fernandezkevin@yahoo.com
111,Erica Galloway,Male,2001-03-16,"9259 Neal Overpass, South Ericstad, DE 84493",6769050074,stevendominguez@ross.com
112,Joseph Hampton,Male,1950-05-07,"7954 Hall Streets, South Alexandra, TX 50651",083-183-0852x39787,seanjackson@yahoo.com
113,Ryan Peterson,Male,1995-08-07,"01295 Andrew Underpass Apt. 921, East Amy, MS 02955",(459)039-0555x195,ortizmichael@hotmail.com
114,Christy Warren,Male,1966-10-21,"9989 Christina Knolls, Taylormouth, MO 55366",(152)425-7155x452,jamesperkins@hotmail.com
115,Laurie Sanchez,Male,1978-09-07,"76910 Roberts Spurs, South Aaron, RI 30553",(977)966-6042x2518,barbaraprice@hotmail.com
116,Troy Ellis,Male,1958-03-11,"8349 Travis Dam Suite 350, Cindybury, AL 29425",+1-624-983-2697x579,garnerrandy@cooper-salinas.com
117,Michael George,Female,1983-07-29,"27706 Alisha Spurs Suite 144, East Karen, DC 21975",(399)201-2494x420,daniel45@hotmail.com
118,Lori Jefferson,Male,1990-03-06,"USS Johnson, FPO AP 56095",+1-759-316-6194x852,martinezmadison@watson.net
119,Sandra Morton,Male,1989-12-14,"98335 Thomas Wells, North Danaborough, MT 75226",001-163-511-2432x366,alexanderboyd@espinoza-lewis.net
120,Lisa Rosales,Male,1956-07-22,"8379 Ashlee Port Apt. 461, North Markville, LA 13324",491.167.2532,benjaminhudson@woods-arnold.biz
121,Robert Cook,Female,1966-06-23,"7374 Lee Mission, New Jason, MO 46476",(462)298-7139x59404,randallroberts@yahoo.com
122,Andrew Pennington,Male,1951-04-18,"006 Chavez Row, New Patrickchester, WY 97029",5005190819,brittanyjenkins@garcia-white.com
123,John Jacobs,Female,1987-05-18,"88713 Phillip Shoals, Jonesbury, WV 16024",(676)493-8086,zharmon@williams.biz
124,Jesus Newton,Male,1989-04-22,"48835 Allen Pass, Nelsonfurt, WA 42439",144.313.6825,pleon@mills-diaz.com
125,Jessica Davis,Male,1989-06-18,"440 Long Burg, Port Bruce, MA 56463",001-604-799-0102x9832,staylor@yahoo.com
126,Debra Oliver,Male,1966-06-05,"074 Chandler Brooks, Owensburgh, GA 86202",8651507834,reynoldsshannon@yahoo.com
127,Lynn Dalton,Female,1960-11-28,"865 Hall Ranch, West Susanview, CO 93095",+1-921-707-5462x082,tbrady@gonzalez.com
128,Kenneth Trevino,Female,1953-05-09,"9448 Gamble Curve Apt. 781, East Frankchester, ND 33417",001-554-808-1619x6711,patricklopez@hotmail.com
129,Donald Thomas,Female,1951-12-12,"Unit 9785 Box 9380, DPO AE 58761",001-862-880-3483x4085,manderson@hotmail.com
130,Joan Smith,Male,1970-01-30,"215 Hall Track, Kaylahaven, OK 20841",001-153-066-4538x3999,nmueller@martin-lopez.com
131,David Sanders,Male,1952-08-09,"94409 Kenneth Light, New Emilystad, TN 60506",(399)015-7344x101,tylerburns@hotmail.com
132,Kelly Mcmahon,Female,1995-09-15,"716 Mckay Fall, New Katrinamouth, RI 25782",001-760-244-8469x071,jennifer85@yahoo.com
133,Eric Goodwin,Male,1991-10-12,"Unit 7572 Box 7514, DPO AP 74612",928.412.0898,aramirez@hotmail.com
134,Jeffrey Miles,Male,1979-03-23,"1067 Dave Brook, South Catherine, AK 33461",(723)338-0077,debbiebrown@hotmail.com
135,Anthony Perez,Female,1990-03-13,"74182 Mitchell Island Apt. 899, New Zachary, NC 32999",(251)146-6848,watsonraymond@ochoa.net
136,Tara Francis,Male,1951-09-30,"Unit 5300 Box 0035, DPO AE 83121",001-144-701-6344x9912,michael45@brown.com
137,Adrienne Burns,Female,1968-09-03,"5812 Dana Fort, West Stephaniehaven, WI 50167",5379937817,theresa95@higgins-terry.org
138,Rebecca Li,Female,1991-09-29,"6653 Melissa Landing, Mckayside, LA 93628",001-331-632-3056x119,eric57@morgan-michael.com
139,Christopher Hayes,Female,1971-07-25,"68551 Sarah Squares Apt. 553, Lake Samanthastad, AR 12799",001-789-307-7131x339,nathan44@smith.biz
140,Jessica Dunn,Male,1954-12-17,"8505 Christopher Oval Apt. 380, South Coryberg, NJ 75868",001-496-080-9329,cterrell@smith.net
141,Jasmine Roberson,Male,1981-08-30,"9981 Barbara Run Apt. 777, Rogerton, VA 97022",673-990-8395x32488,nharrell@barajas.biz
142,Timothy Nicholson,Male,1964-05-27,"714 Howard Walk Suite 656, Adrianmouth, IL 12621",066-396-3651x03413,harrisjoe@hotmail.com
143,Marcia Carter,Male,2002-04-22,"87027 Aaron Ville, Hardyborough, ND 18899",+1-542-256-4577x6297,kathy67@cooper.com
144,Johnny Davidson,Male,1992-03-22,"84496 Mcclure Rue, Mooneystad, NV 85191",(806)850-5097x89630,cassiehutchinson@hotmail.com
145,Bailey Brown,Female,1957-06-11,"2890 Wright Groves, West Fernando, NM 97414",345.395.2163,marydelacruz@norris-gilbert.com
146,Mrs. Alyssa Bailey,Female,2001-11-04,"USNV Collins, FPO AA 36597",858.915.6518,lbishop@rose-yates.net
147,Rita Jones,Male,1959-10-19,"385 Hansen Ways, Lake Joycehaven, OR 95733",038.606.6988x3115,deborah77@gmail.com
148,Mary Matthews,Female,1992-07-26,"1055 Hernandez Harbor Apt. 172, Ferrellport, NY 20455",(913)827-0185,hbailey@yahoo.com
149,Michelle Munoz,Male,2003-06-15,"997 Johnson Plain, Wilsonside, ME 13963",+1-509-242-5736x580,ashley73@yahoo.com
150,Rachael Stewart,Male,1977-12-20,"70307 Erik Estates, Lake Joy, DE 56619",802.621.6583,rodriguezjames@gmail.com
151,Teresa Miller,Female,1956-09-19,"7982 Huerta Hill, West Joshua, VA 84057",253.329.6760x9290,carsonross@gmail.com
152,Elizabeth Wade,Female,1964-01-06,"6734 Jennifer Overpass Suite 590, Port Darinfort, ID 91361",804.303.5840x653,leslieweber@williams.com
153,Kimberly Nelson,Female,1990-04-27,"7739 Kelsey Plaza, Lake David, OR 24644",464-321-3344,cabreraamy@stephenson-baker.com
154,Curtis Montgomery,Female,1955-05-01,"3797 Michelle Manors, North Robert, OK 80397",(926)588-3353,hamptonterri@hotmail.com
155,Joshua Harris,Female,2006-11-06,"7189 Blackburn Inlet, East Elizabeth, DE 92088",001-374-944-0954x109,dhenson@miller.com
156,Arthur Miller,Female,1999-04-16,"559 Johnson Village, Chandlerfurt, RI 03900",555.263.6004,edward06@wright-williams.com
157,Kurt Bass,Male,2000-08-31,"6818 Robinson Greens Apt. 594, Jesusport, NC 38814",671-163-2345x877,kimberlywallace@yahoo.com
158,Lisa Collins,Male,1956-01-27,"01386 Shaw Course, Phillipsfort, AR 41071",+1-875-972-8307,tamaraperez@campbell.com
159,Kevin Bryant,Female,1977-12-17,"57715 Harper Street, Barryborough, LA 34759",171.875.2481,jeffreymedina@watson.com
160,Martin Malone,Male,1970-09-23,"4641 Aaron Prairie Apt. 380, New Lisa, TN 23098",(970)794-8351,ericramirez@torres-phillips.com
161,John Beasley,Female,1963-09-04,"4354 Gregory Squares Suite 676, New Brent, NC 98066",7906992009,caseyjohnson@yahoo.com
162,Sarah Garcia,Male,1951-02-26,"32976 Holloway Place Apt. 914, Harveyville, WY 40307",+1-385-695-1570,derekscott@lang.com
163,Jonathan Huffman,Female,1973-05-24,"387 Thompson Mountains, Harrismouth, MS 92608",318-769-4511x2378,stevensalicia@anderson-young.com
164,Gregory Castillo,Male,1990-06-26,"USNV Cunningham, FPO AA 11694",617-959-5611x0289,andrewcastro@hotmail.com
165,Earl Morris,Male,1970-07-16,"5650 Christian Canyon, Michelleberg, AR 40112",001-493-858-3329,tmontoya@gmail.com
166,Timothy Hardy,Female,1955-02-17,"546 Mercado Valleys Apt. 062, Charlesberg, NC 17373",490.778.2861x9937,angela00@yahoo.com
167,Charles Cooley,Female,1991-04-14,"822 Joy Court Apt. 391, Lake Blakebury, IL 44569",(861)591-5618x50104,phamgeoffrey@yahoo.com
168,Jesse Simmons,Female,1973-08-20,"16279 Johns Square, Port Aaron, CT 02786",235.901.8842x4561,oconnoryolanda@hotmail.com
169,Evan Bush,Female,1970-01-07,"Unit 0721 Box 0343, DPO AE 82816",338.464.7799x63303,kylerobinson@hotmail.com
170,Kimberly Lewis,Male,1979-03-31,"50218 Daniel Causeway, East Nicholasport, NV 13927",998.803.2097,nicole92@hotmail.com
171,Ethan Jackson,Female,1990-05-13,"09043 Jordan Mission Suite 349, Mcculloughport, IN 78474",+1-616-631-5930,lovemichael@harris.info
172,Denise Ponce,Female,1979-01-31,"USCGC Riley, FPO AP 16893",1205958763,kellyerika@yahoo.com
173,Whitney Burke,Female,1994-05-23,"242 Scott Shoal, West Ryanchester, AL 65745",843.098.4165,jennifer63@yahoo.com
174,Marcus Graves,Male,1950-03-07,"USCGC Rodriguez, FPO AA 82774",555.525.5145,nicole69@yahoo.com
175,Crystal Choi,Male,1964-08-27,"2400 Michael Shoals, Lake Shannonton, FL 64360",351.147.7465,schroederdavid@miller-daniels.com
176,Yesenia Padilla DDS,Male,1985-02-21,"Unit 3544 Box 5243, DPO AE 38700",001-665-711-8327x39540,dominguezmicheal@stanley-cunningham.com
177,Alexis Phillips,Female,1961-10-22,"67107 Perez Crossroad Suite 715, Colonport, NJ 59626",941-111-3671x97082,ranthony@jackson-barker.com
178,Mr. Jacob Bryant,Male,1966-03-10,"USNS Rivera, FPO AE 91058",444-293-6780,thudson@yahoo.com
179,Donna Miller,Male,1986-05-12,"0301 Matthew Divide Suite 011, Taylorport, DC 56663",546-698-4976x327,connorwhite@yahoo.com
180,Destiny Stewart,Male,2002-10-18,"580 Morrison Oval, Mosleyburgh, TX 92949",395.200.0310,parkerwilliam@hotmail.com
181,Sean Allen,Female,1992-08-15,"6308 Carroll Park, South Chelsea, NY 90222",292-592-9659,zroberts@yahoo.com
182,Michael Walker,Female,1989-06-13,"978 Mark Trail, Tonyashire, LA 75806",101.424.3119x30464,smithdavid@miller.org
183,Shannon Jones,Female,2000-04-26,"9183 Hutchinson Mount, Johnville, NM 66572",+1-063-679-2608x08389,waterschristopher@gmail.com
184,Valerie Estes,Male,1964-08-20,"63237 Evans Estate, Kennethfurt, IA 32409",001-362-643-2055x904,ctaylor@martin.biz
185,Pamela Colon,Female,1965-02-23,"090 Anderson Village, Lake Ashley, NJ 00997",001-688-147-0570x72295,donna13@hotmail.com
186,Stephanie Miller,Female,1995-02-26,"15357 Kelley Fort Suite 177, South Jamesborough, ME 80312",217.966.2001x17911,dmorris@schultz.net
187,Samantha Byrd,Male,1986-09-08,"0400 Bailey Mountains Suite 232, Port Joshua, NH 18520",421.321.4775,jamespark@sexton.com
188,David Howard,Male,1988-09-16,"5656 Roberson Fields Suite 730, West Michellestad, GA 82212",001-974-630-2842x6494,daniel55@mann.com
189,Katie King,Female,1998-09-23,"839 Cooper Wall Suite 586, Markchester, LA 31099",+1-814-157-2878x1432,mark05@david.org
190,David Williams,Male,1966-03-07,"945 Shelby Trail Apt. 963, Mcdanielfort, DC 51056",3361141526,lewisgrant@duffy.com
191,Mary Casey,Female,1954-12-18,"Unit 4383 Box 4139, DPO AP 91808",319.509.4230x8798,richardtaylor@yahoo.com
192,Katie Simpson,Male,2001-05-19,"9642 Sarah Wall Suite 401, Port Maxwellside, NJ 57704",001-713-056-4589,markmartinez@yahoo.com
193,Gregory Davila,Female,1955-11-06,"8445 Anne Creek, South Christopher, IN 33878",263.888.7272x778,clarkcameron@yahoo.com
194,Mr. Jamie Garza MD,Female,1975-06-01,"271 Morrow Views, New Danielle, MD 18430",001-897-816-6457,ibryant@yahoo.com
195,Philip Figueroa,Male,1982-07-31,"98298 Walker Point Suite 720, Kellyville, AK 64933",604-708-7798x576,hutchinsoncharles@gmail.com
196,Martin Newman,Male,1962-06-06,"Unit 8286 Box 3381, DPO AE 48492",2467025914,sjoyce@bates-freeman.com
197,Teresa Wright,Female,1998-09-06,"296 Cook Islands Suite 271, Patricktown, NC 58067",400.490.0938,morgan18@hotmail.com
198,William Brown,Female,2006-06-13,"94259 Brittney Mews Suite 666, Lowehaven, NV 34651",+1-151-758-6618x90266,brownchelsea@yahoo.com
199,Wendy Roberts,Female,1961-10-26,"1527 Jacqueline Turnpike Suite 453, West Johnhaven, IL 50715",206-959-7296x4384,nicholas99@yahoo.com
200,Ashley Walls,Female,1998-08-04,"5838 Theresa Terrace, Rubioville, FL 96631",520-998-6267x047,melissa96@hotmail.com
